model,thr,top1,top2,top3,N
ours,0.5,0.5835727969348659,0.7741858237547893,0.7741858237547893,4176
ours_sft,0.5,0.5330459770114943,0.7459291187739464,0.7459291187739464,4176
